-- --------------------------------------------------------
-- Host:                         127.0.0.1
-- Server version:               8.0.30 - MySQL Community Server - GPL
-- Server OS:                    Win64
-- HeidiSQL Version:             12.1.0.6537
-- --------------------------------------------------------

/*!40101 SET @OLD_CHARACTER_SET_CLIENT=@@CHARACTER_SET_CLIENT */;
/*!40101 SET NAMES utf8 */;
/*!50503 SET NAMES utf8mb4 */;
/*!40103 SET @OLD_TIME_ZONE=@@TIME_ZONE */;
/*!40103 SET TIME_ZONE='+00:00' */;
/*!40014 SET @OLD_FOREIGN_KEY_CHECKS=@@FOREIGN_KEY_CHECKS, FOREIGN_KEY_CHECKS=0 */;
/*!40101 SET @OLD_SQL_MODE=@@SQL_MODE, SQL_MODE='NO_AUTO_VALUE_ON_ZERO' */;
/*!40111 SET @OLD_SQL_NOTES=@@SQL_NOTES, SQL_NOTES=0 */;


-- Dumping database structure for anti damage day
CREATE DATABASE IF NOT EXISTS `anti damage day` /*!40100 DEFAULT CHARACTER SET utf8mb4 COLLATE utf8mb4_0900_ai_ci */ /*!80016 DEFAULT ENCRYPTION='N' */;
USE `anti damage day`;

-- Dumping structure for table anti damage day.a2djour
CREATE TABLE IF NOT EXISTS `a2djour` (
  `day` date NOT NULL,
  `id` int DEFAULT NULL
) ENGINE=InnoDB DEFAULT CHARSET=utf8mb4 COLLATE=utf8mb4_0900_ai_ci;

-- Dumping data for table anti damage day.a2djour: ~1 rows (approximately)
INSERT INTO `a2djour` (`day`, `id`) VALUES
	('2023-08-31', 1);

-- Dumping structure for table anti damage day.atelier
CREATE TABLE IF NOT EXISTS `atelier` (
  `id` int NOT NULL AUTO_INCREMENT,
  `atelier` varchar(30) NOT NULL,
  PRIMARY KEY (`id`)
) ENGINE=InnoDB AUTO_INCREMENT=5 DEFAULT CHARSET=utf8mb4 COLLATE=utf8mb4_0900_ai_ci;

-- Dumping data for table anti damage day.atelier: ~4 rows (approximately)
INSERT INTO `atelier` (`id`, `atelier`) VALUES
	(1, 'STRUCTURE'),
	(2, 'PEINTURE'),
	(3, 'MONTAGE'),
	(4, 'BTU');

-- Dumping structure for table anti damage day.audit
CREATE TABLE IF NOT EXISTS `audit` (
  `id_A` varchar(30) NOT NULL,
  `id_Poste` int NOT NULL,
  `Date` date NOT NULL,
  `id_P` varchar(30) NOT NULL,
  `id_E` int NOT NULL,
  PRIMARY KEY (`id_A`)
) ENGINE=InnoDB DEFAULT CHARSET=utf8mb4 COLLATE=utf8mb4_0900_ai_ci;

-- Dumping structure for table anti damage day.equipe
CREATE TABLE IF NOT EXISTS `equipe` (
  `id_E` int NOT NULL AUTO_INCREMENT,
  `Operateur` varchar(100) NOT NULL,
  `Equipe` char(1) NOT NULL,
  PRIMARY KEY (`id_E`)
) ENGINE=InnoDB AUTO_INCREMENT=13 DEFAULT CHARSET=utf8mb4 COLLATE=utf8mb4_0900_ai_ci;


-- Dumping structure for table anti damage day.module
CREATE TABLE IF NOT EXISTS `module` (
  `id_M` int NOT NULL AUTO_INCREMENT,
  `module` varchar(30) NOT NULL,
  `id_Z` int NOT NULL,
  PRIMARY KEY (`id_M`),
  KEY `id_Z` (`id_Z`),
  CONSTRAINT `module_ibfk_1` FOREIGN KEY (`id_Z`) REFERENCES `zone` (`id_Z`)
) ENGINE=InnoDB AUTO_INCREMENT=61 DEFAULT CHARSET=utf8mb4 COLLATE=utf8mb4_0900_ai_ci;

-- Dumping data for table anti damage day.module: ~46 rows (approximately)
INSERT INTO `module` (`id_M`, `module`, `id_Z`) VALUES
	(1, 'MDA', 7),
	(16, 'HC1A', 15),
	(17, 'HC1B', 15),
	(18, 'HC1C', 15),
	(19, 'HC2A', 16),
	(20, 'HC2B', 16),
	(21, 'PCI', 16),
	(22, 'MV1', 17),
	(23, 'MV2A', 18),
	(24, 'MV2B', 18),
	(25, 'MV2C', 18),
	(26, 'MV3A', 19),
	(27, 'MV3B', 19),
	(28, 'MV3C', 19),
	(29, 'MV4A1', 20),
	(30, 'MV4A2', 20),
	(31, 'PP1', 21),
	(32, 'PP2', 21),
	(33, 'PP3', 21),
	(34, 'PP4', 21),
	(35, 'KMV', 22),
	(36, 'KPO', 22),
	(37, 'KV2', 22),
	(38, 'KK7', 22),
	(39, 'KHC', 22),
	(40, 'Mastic AG', 30),
	(41, 'Mastic Extrudé', 30),
	(42, 'FINITION 1', 33),
	(43, 'FINITION 2', 33),
	(44, 'CABINE PREPARATION CATA', 31),
	(45, 'CABINE LAQUE', 32),
	(46, 'EMB', 1),
	(47, 'PORTE ARD', 2),
	(48, 'PORTE ARG', 2),
	(49, 'PORTE AVD', 2),
	(50, 'PORTE AVG', 2),
	(51, 'VOLET', 2),
	(52, 'CAPOT', 2),
	(53, 'MEF', 3),
	(54, 'ARM1', 5),
	(55, 'ARM2', 5),
	(56, 'ARM3', 5),
	(57, 'CDC  D', 4),
	(58, 'CDC G', 4),
	(59, 'MODULE 1 CVT', 34),
	(60, 'LINGE D ACSEPTATION', 35);

-- Dumping structure for table anti damage day.personne
CREATE TABLE IF NOT EXISTS `personne` (
  `id_P` varchar(30) NOT NULL,
  `Nom` varchar(30) NOT NULL,
  `Prenom` varchar(30) NOT NULL,
  `password` varchar(100) NOT NULL,
  `is_superuser` varchar(100) NOT NULL,
  `is_staff` varchar(100) NOT NULL,
  PRIMARY KEY (`id_P`)
) ENGINE=InnoDB DEFAULT CHARSET=utf8mb4 COLLATE=utf8mb4_0900_ai_ci;

-- Dumping data for table anti damage day.personne: ~3 rows (approximately)
INSERT INTO `personne` (`id_P`, `Nom`, `Prenom`, `password`, `is_superuser`, `is_staff`) VALUES
	('SE39040', 'FEKRANE', 'YAHYA', '$2y$10$3YevZkX4jPrYecJ3IS9W7ev0/1NSEgPNMOBxdvw/71ufo1fhRpt8e', '1', '1'),
	
-- Dumping structure for table anti damage day.poste
CREATE TABLE IF NOT EXISTS `poste` (
  `id_P` int NOT NULL AUTO_INCREMENT,
  `poste` varchar(30) NOT NULL,
  `id_M` int NOT NULL,
  PRIMARY KEY (`id_P`),
  KEY `id_M` (`id_M`),
  CONSTRAINT `poste_ibfk_1` FOREIGN KEY (`id_M`) REFERENCES `module` (`id_M`)
) ENGINE=InnoDB AUTO_INCREMENT=405 DEFAULT CHARSET=utf8mb4 COLLATE=utf8mb4_0900_ai_ci;

-- Dumping data for table anti damage day.poste: ~393 rows (approximately)
INSERT INTO `poste` (`id_P`, `poste`, `id_M`) VALUES
	(1, '1HC0A01A', 1),
	(2, '1HC0A01R', 1),
	(14, '1HC0A02A', 1),
	(15, '1HC0A02R', 1),
	(16, '1HC0A03A', 1),
	(17, '1HC0A04G', 1),
	(18, '1HC0A05G', 1),
	(19, '1HC0A06R', 1),
	(20, '1HC0A07D', 1),
	(21, '1HC0A06R', 1),
	(22, '1HC0A08D', 1),
	(23, '1HC0A09G', 1),
	(24, '1HC0A10A', 1),
	(25, '1HC1A01D', 1),
	(26, '1HC1A01G', 16),
	(27, '1HC1A02D', 16),
	(28, '1HC1A02G', 16),
	(29, '1HC1A03D', 16),
	(30, '1HC1A03G', 16),
	(31, '1HC1A04D', 16),
	(32, '1HC1A04G', 16),
	(33, '1HC1B05D', 16),
	(34, '1HC1B05G', 17),
	(35, '1HC1B06D', 17),
	(36, '1HC1B06G', 17),
	(37, '1HC1B07D', 17),
	(38, '1HC1B07G', 17),
	(39, '1HC1B08D', 17),
	(40, '1HC1B08G', 17),
	(41, '1HC1B09D', 17),
	(42, '1HC1C10D', 17),
	(43, '1HC1C10G', 18),
	(44, '1HC1C10R', 18),
	(45, '1HC1C11A', 18),
	(46, '1HC1C11D', 18),
	(47, '1HC1C12D', 18),
	(48, '1HC1C12G', 18),
	(49, '1HC1C13D', 18),
	(50, '1HC1C13G', 18),
	(51, '1HC1C14R', 18),
	(52, '1HC2A01D', 18),
	(53, '1HC2A01G', 19),
	(54, '1HC2A02D', 19),
	(55, '1HC2A03A', 19),
	(56, '1HC2A04A', 19),
	(57, '1HC2A05A', 19),
	(58, '1HC2B07G', 19),
	(59, '1HC2B08D', 20),
	(60, '1HC2B08G', 20),
	(61, '1HC2B09D', 20),
	(62, '1HC2B09R', 20),
	(63, '1HC2B10A', 20),
	(64, '1HC2B10R', 20),
	(65, '1HC2B11A', 20),
	(66, '1HC2B13D', 20),
	(67, '1PB1A01G', 20),
	(68, '1PB1A02D', 21),
	(69, '1PB1A02G', 21),
	(70, '1PB1A03D', 21),
	(71, '1PB1A03G', 21),
	(72, '1PB1A04G', 21),
	(73, '1PB1A05G', 21),
	(74, '1PB1A06G', 21),
	(75, '1PB1A07G', 21),
	(76, '1PB1A08G', 21),
	(77, '1PB1A09G', 21),
	(78, '1MV1A01D', 21),
	(79, '1MV1A01G', 22),
	(80, '1MV1A02G', 22),
	(81, '1MV1B04D', 22),
	(82, '1MV1B04G', 22),
	(83, '1MV1B05D', 22),
	(84, '1MV1B05G', 22),
	(85, '1MV1B06D', 22),
	(86, '1MV1B06G', 22),
	(87, '1MV2A01D', 23),
	(88, '1MV2A01G', 23),
	(89, '1MV2A02G', 23),
	(90, '1MV2A03D', 23),
	(91, '1MV2A04S', 23),
	(92, '1MV2A06G', 23),
	(93, '1MV2B06R', 24),
	(94, '1MV2B07G', 24),
	(95, '1MV2B08A', 24),
	(96, '1MV2B09A', 24),
	(97, '1MV2B10A', 24),
	(98, '1MV2B11A', 24),
	(99, '1MV2C11G', 25),
	(100, '1MV2C12A', 25),
	(101, '1MV2C13G', 25),
	(102, '1MV3A01G', 25),
	(103, '1MV3A02G', 26),
	(104, '1MV3A03D', 26),
	(105, '1MV3A04G', 26),
	(106, '1MV3A06D', 26),
	(107, '1MV3A07A', 26),
	(108, '1MV3B07G', 27),
	(109, '1MV3B08D', 27),
	(110, '1MV3B08G', 27),
	(111, '1MV3B09D', 27),
	(112, '1MV3B09G', 27),
	(113, '1MV3C10D', 27),
	(114, '1MV3C10G', 28),
	(115, '1MV3C11A', 28),
	(116, '1MV3C12R', 28),
	(117, '1MV3C13D', 28),
	(118, '1MV3C13G', 28),
	(119, '1MV3D14D', 28),
	(120, '1MV3D14G', 28),
	(121, '1MV3D16D', 28),
	(122, '1MV3D16G', 28),
	(123, '1MV3D16R', 28),
	(124, '1MV3D17D', 28),
	(125, '1MV4A01A', 29),
	(126, '1MV4A01D', 29),
	(127, '1MV4A01G', 29),
	(128, '1MV4A01R', 29),
	(129, '1MV4A03G', 29),
	(130, '1MV4A04G', 29),
	(131, '1MV4A05D', 30),
	(132, '1MV4A05G', 30),
	(133, '1MV4A06D', 30),
	(134, '1MV4A06G', 30),
	(135, '1MV4A07G', 30),
	(136, '1MV4A11D', 30),
	(137, '1MV4A11G', 30),
	(138, '1PP1A01A', 31),
	(139, '1PP1A01R', 31),
	(140, '1PP1A02D', 31),
	(141, '1PP1A02G', 31),
	(142, '1PP1A03D', 31),
	(143, '1PP1A03G', 31),
	(144, '1PP1A04D', 31),
	(145, '1PP1B04G', 31),
	(146, '1PP1B05D', 32),
	(147, '1PP1B05G', 32),
	(148, '1PP1B06D', 32),
	(149, '1PP1B06G', 32),
	(150, '1PP1B07D', 32),
	(151, '1PP1B07G', 32),
	(152, '1PP1C08D', 32),
	(153, '1PP1C08G', 33),
	(154, '1PP1C10D', 33),
	(155, '1PP1D10G', 33),
	(156, '1PP1D11D', 34),
	(157, '1PP1D11G', 34),
	(158, '1PP1D13G', 34),
	(159, '1PP1D14D', 34),
	(160, '1PP1D15I', 34),
	(161, 'TR1', 35),
	(162, 'TR2', 35),
	(163, 'TR3', 35),
	(164, 'TR4', 35),
	(165, 'TR5', 35),
	(166, 'TR6', 35),
	(167, 'TR7', 35),
	(168, 'TR1', 36),
	(169, 'TR2', 36),
	(170, 'TR3', 36),
	(171, 'TR4', 36),
	(172, 'TR1', 37),
	(173, 'TR2', 37),
	(174, 'RECARD', 38),
	(175, 'RECARD', 38),
	(176, 'BB4', 39),
	(177, 'BB5', 39),
	(178, 'BG2', 39),
	(179, 'BJ5', 39),
	(180, 'BK1', 39),
	(181, 'BK2', 39),
	(182, 'BK3', 39),
	(183, 'BO3', 39),
	(184, 'BJ5', 39),
	(185, 'BV1', 39),
	(186, 'RECARD', 39),
	(187, 'PAVILLON', 39),
	(188, 'FAISCEAUX', 39),
	(189, 'POSTE 1', 40),
	(190, 'POSTE 2', 40),
	(191, 'POSTE 3', 40),
	(192, 'POSTE 4', 40),
	(193, 'POSTE 5', 40),
	(194, 'POSTE 6', 40),
	(195, 'POSTE 7', 40),
	(196, 'POSTE 8', 40),
	(197, 'POSTE 9', 40),
	(198, 'POSTE 10', 40),
	(199, 'AG1 poste 1 et 2', 41),
	(200, 'AG2 poste 1 et 2', 41),
	(201, 'AG3 poste 1 et 2', 41),
	(202, 'AG4 POSTE 1 ET 2', 41),
	(203, 'POSTE 1 ESSUYAGE', 41),
	(204, 'POSTE 2 ESSUYAGE', 41),
	(205, 'POSTE 3 ESSUYAGE', 41),
	(206, 'POSTE 1 MANUTENTION', 41),
	(207, 'POSTE 2 MANUTENTION', 41),
	(208, 'POSTE 3 MANUTENTION', 41),
	(209, 'POSTE 1 PAVILLON COTE D', 44),
	(210, 'POSTE 2 PAVILLON COTE G', 44),
	(211, 'POSTE 3 CAPOT AILE COTE  D ', 44),
	(212, 'POSTE 4 CAPOT AILE COTE  G', 44),
	(213, 'POSTE 5 VOLET ', 44),
	(214, 'POSTE 6 ANULLE', 44),
	(215, 'POSTE 7 PORTE ARR D', 44),
	(216, 'POSTE 8 PORTE ARR G', 44),
	(217, 'POSTE 9 PORTE AVANT D ', 44),
	(218, 'POSTE 10 PORTE AVANT G ', 44),
	(219, 'POSTE 1 PAVILLON COTE D', 44),
	(220, 'POSTE 2 PAVILLON COTE G', 44),
	(221, 'POSTE 3 CAPOT AILE COTE  D ', 44),
	(222, 'POSTE 4 CAPOT AILE COTE  G', 44),
	(223, 'POSTE 5 VOLET ', 44),
	(224, 'POSTE 6 ANULLE', 44),
	(225, 'POSTE 7 PORTE ARR D', 44),
	(226, 'POSTE 8 PORTE ARR G', 44),
	(227, 'POSTE 9 PORTE AVANT D ', 44),
	(228, 'POSTE 10 PORTE AVANT G ', 44),
	(229, 'PQG PONSSAGE CATA', 44),
	(230, 'PQG ENTRE LAQUE', 45),
	(231, 'ESSUYAGE ENTRE G', 45),
	(232, 'ESSUAGE ENTRE D', 45),
	(233, 'ENGAGEMENT', 45),
	(234, 'ESSUYAGE POSTE 1', 45),
	(235, 'ESSUYAGE POSTE 2', 45),
	(236, 'BASE POSTE 1', 45),
	(237, 'BASE POSTE 2', 45),
	(238, 'BASE POSTE 3', 45),
	(239, 'BASE POSTE 4', 45),
	(240, 'VERNIS POSTE 1', 45),
	(241, 'VERNIS POSTE 2', 45),
	(242, 'POSTE 1', 42),
	(243, 'POSTE 2', 42),
	(244, 'POSTE 3', 42),
	(245, 'POSTE 4', 42),
	(246, 'POSTE 5', 42),
	(247, 'POSTE 6', 42),
	(248, 'POSTE 7', 42),
	(249, 'POSTE 8', 42),
	(250, 'POSTE 9', 42),
	(251, 'POSTE 10', 42),
	(252, 'POSTE 11', 42),
	(253, 'PQG 1', 42),
	(254, 'PQG 2', 42),
	(255, 'POSTE 1', 43),
	(256, 'POSTE 2', 43),
	(257, 'POSTE 3', 43),
	(258, 'POSTE 4', 43),
	(259, 'POSTE 5', 43),
	(260, 'POSTE 6', 43),
	(261, 'POSTE 7', 43),
	(262, 'POSTE 8', 43),
	(263, 'PQG 1', 43),
	(264, 'PQG 2', 43),
	(265, 'OP10', 47),
	(266, 'OP15', 47),
	(267, 'OP 20', 47),
	(268, 'OP25', 47),
	(269, 'OP 30', 47),
	(270, 'OP40', 47),
	(271, 'OP50', 47),
	(272, 'PQG', 47),
	(273, 'OP10', 48),
	(274, 'OP15', 48),
	(275, 'OP 20', 48),
	(276, 'OP25', 48),
	(277, 'OP 30', 48),
	(278, 'OP40', 48),
	(279, 'OP50', 48),
	(280, 'PQG', 48),
	(281, 'OP10', 49),
	(282, 'OP20', 49),
	(283, 'OP30', 49),
	(284, 'OP40', 49),
	(285, 'OP50', 49),
	(286, 'OP60', 49),
	(287, 'OP25', 49),
	(288, 'PQG', 49),
	(289, 'OP10', 50),
	(290, 'OP20', 50),
	(291, 'OP30', 50),
	(292, 'OP40', 50),
	(293, 'OP50', 50),
	(294, 'OP60', 50),
	(295, 'OP25', 50),
	(296, 'PQG', 50),
	(297, 'OP10', 51),
	(298, 'OP15', 51),
	(299, 'OP20', 51),
	(300, 'OP25', 51),
	(301, 'OP30', 51),
	(302, 'OP40', 51),
	(303, 'PQG', 51),
	(304, 'OP10', 52),
	(305, 'OP20', 52),
	(306, 'OP25', 52),
	(307, 'OP10', 52),
	(308, 'OP20', 52),
	(309, 'OP25', 52),
	(310, 'POSTE 1 D', 53),
	(311, 'POSTE 1 G', 53),
	(312, 'POSTE 2 D', 53),
	(313, 'POSTE 2 G', 53),
	(314, 'POSTE 3 D', 53),
	(315, 'POSTE 3 G', 53),
	(316, 'POSTE 4 D', 53),
	(317, 'POSTE 4 G', 53),
	(318, 'POSTE 5 D', 53),
	(319, 'POSTE 5 G', 53),
	(320, 'POSTE 6 D', 53),
	(321, 'POSTE 6 G', 53),
	(322, 'POSTE 7 D PQG', 53),
	(323, 'POSTE 7 G PQG', 53),
	(324, 'POSTE 8 D PQG', 53),
	(325, 'POSTE 8 G PQG', 53),
	(326, 'POSTE 9 D', 53),
	(327, 'POSTE 9 G', 53),
	(328, 'POSTE 10 D', 53),
	(329, 'POSTE 10 G', 53),
	(330, 'POSTE 11 D', 53),
	(331, 'POSTE 11 G', 53),
	(332, 'POSTE 12 D', 53),
	(333, 'POSTE 12 G', 53),
	(334, 'POSTE 13 D', 53),
	(335, 'POSTE 13 G', 53),
	(336, 'OP10/17', 54),
	(337, 'OP20 ', 54),
	(338, 'MAS', 54),
	(339, 'STATION 00', 54),
	(340, 'STATION 01', 54),
	(341, 'STATION 02/03', 54),
	(342, 'STATION 5', 55),
	(343, 'STATION 6', 55),
	(344, 'STATION 7', 55),
	(345, 'STATION 8', 55),
	(346, 'STATION 9', 55),
	(347, 'STATION10', 56),
	(348, 'STATION11', 56),
	(349, 'STATION12', 56),
	(350, 'STATION13', 56),
	(351, 'STATION14', 56),
	(352, 'STATION15', 56),
	(353, 'STATION16', 56),
	(354, 'STATION17', 56),
	(355, 'STATION18', 56),
	(356, 'STATION19', 56),
	(357, 'STATION20', 56),
	(358, 'STATION21', 56),
	(359, 'STATION 22 PQG', 56),
	(360, 'OP10', 57),
	(361, 'OP15', 57),
	(362, 'OP20', 57),
	(363, 'OP 17', 57),
	(364, 'OP30', 57),
	(365, 'OP35', 57),
	(366, 'OP 140', 57),
	(367, 'OP 45', 57),
	(368, 'OP 50', 57),
	(369, 'OP40', 57),
	(370, 'OP60', 57),
	(371, 'OP65', 57),
	(372, 'OP67', 57),
	(373, 'PQG', 57),
	(374, 'OP10', 58),
	(375, 'OP15', 58),
	(376, 'OP20', 58),
	(377, 'OP 17', 58),
	(378, 'OP30', 58),
	(379, 'OP35', 58),
	(380, 'OP 140', 58),
	(381, 'OP 45', 58),
	(382, 'OP 50', 58),
	(383, 'OP40', 58),
	(384, 'OP60', 58),
	(385, 'OP65', 58),
	(386, 'OP67', 58),
	(387, 'PQG', 58),
	(388, 'OP20', 46),
	(389, 'OP30', 46),
	(390, 'OP40', 46),
	(391, 'OP50', 46),
	(392, 'DEPLEURE ENTRE', 46),
	(393, 'DEOLEURE CONV', 46),
	(394, 'STASION QUALITE', 46),
	(395, 'POSTE ROTOUCHE ', 46),
	(396, ' PARA 1 ET PARA 2 ', 59),
	(397, 'BANC POLY ', 59),
	(398, 'PISTE', 59),
	(399, 'CC4 ', 60),
	(400, 'ETANCHEITE ', 60),
	(401, 'VALIDATION RETOUCHE ', 60),
	(402, 'ACOM ', 60),
	(403, 'BANC A CHAUD ', 60),
	(404, 'RETOUCHEUR DE LIGNE ', 60);

-- Dumping structure for table anti damage day.questions
CREATE TABLE IF NOT EXISTS `questions` (
  `id_Q` int NOT NULL AUTO_INCREMENT,
  `Question` varchar(500) NOT NULL,
  `Id_T` int NOT NULL,
  PRIMARY KEY (`id_Q`),
  KEY `FOREIGNt` (`Id_T`),
  CONSTRAINT `questions_ibfk_1` FOREIGN KEY (`Id_T`) REFERENCES `type` (`id_T`)
) ENGINE=InnoDB AUTO_INCREMENT=45 DEFAULT CHARSET=utf8mb4 COLLATE=utf8mb4_0900_ai_ci;

-- Dumping data for table anti damage day.questions: ~42 rows (approximately)
INSERT INTO `questions` (`id_Q`, `Question`, `Id_T`) VALUES
	(1, 'La tenue de travail ne contient pas du métal qui peut agresser le véhicule.', 1),
	(2, 'La ceinture de l\'opérateur ne comporte pas une boucle métallique.\r\n', 1),
	(3, 'L\'opérateur ne porte pas sur lui un outil (pince, clé, ...), un stylo, une montre, une bague, un collier, des boucles d\'oreilles visibles qui peuvent agresser le véhicule.\r\n', 1),
	(4, 'Les outils ne sont pas mis dans les poches du pantalon (ou autre] mais dans une pochette tablier sans risque de toucher le véhicule.\r\n', 1),
	(5, 'Les gants et chaussures sont propres.\r\n', 1),
	(6, 'L\'opérateur n\'a pas de badge accroché sur lui qui peut toucher le véhicule lors de son travail.', 1),
	(7, 'Les outils, fils, tuyaux et autres dispositifs de rallonges ou de connexion sont protégés du risque de contact avec le véhicule ou les pièces.', 2),
	(8, 'Les pièces et outils ne tombent pas d\'un équipement/moyen suspendu lors du déplacement de ce dernier', 2),
	(9, 'La protection ne laisse pas apparaître une partie métallique, susceptible d\'agresser le véhicule', 2),
	(10, 'Les boîtes à outils transportables sont protégées\r\n', 2),
	(11, 'Les outils ne sont portés sous le bras.\r\n', 2),
	(12, 'Un outil suspendu ne touche pas la caisse lorsqu\'il est relâché\r\n', 2),
	(13, 'Une protection est réalisée pour les zones qui peuvent toucher la caisse ( Poutres, armoires, machines ...)\r\n', 2),
	(14, 'Les outils sont disposés dans des endroits spécifiques\r\n', 2),
	(15, 'Aucune boite à outils n\'est directement posée sur la caisse.\r\n', 2),
	(16, 'La partie de l\'équipement qui s\'approche du véhicule doit être protégée\r\n', 2),
	(17, 'La vérification des protections est ajoutée à la liste des éléments de contrôle "Ok démarrage"\r\n', 2),
	(18, 'Il y a au minimum 10cm de distance entre la caisse et les équipements proches (inclus les meubles)\r\n', 2),
	(19, 'Il existe une distance entre la caisse et l\'équipement même lorsque la position de celui-ci change (mise en place, retrait, rotation, translation, dépannage,..)\r\n', 2),
	(20, 'AUTRE', 6),
	(21, 'L\'opérateur ne travaille pas en s\'appuyant sur la caisse\r\n', 3),
	(22, 'L\'opérateur n\'entre pas à l\'intérieur du véhicule en s\'appuyant sur la caisse\r\n', 3),
	(23, 'L\'opérateur ne marche pas sur le "bas de marche" en entrant dans le véhicule\r\n', 3),
	(24, 'Les vis et les écrous ne sont pas serrés avec une seule main (sans guidage de l\'autre main)\r\n', 3),
	(25, 'L\'opérateur ne touche pas la caisse avec ses mains lorsqu\'il a en sa possession un outil ou une pièce\r\n', 3),
	(26, 'Les outils ne sont pas jetés vers le Bord de chaine en fin d\'opération\r\n', 3),
	(27, 'L\'outil ou la pièce ne sont pas changés ou préparés au dessus du véhicule ou à l\'intérieur de celui-CI\r\n', 3),
	(28, 'Pas de contact inapproprié de l\'outil, de la pièce avec la caisse pendant l\'assemblage de la pièce\r\n', 3),
	(29, 'L\'opérateur réalise un autocontrôle avant et après l\'opération', 3),
	(30, 'La zone de travail n\'est pas encombrées, et l\'opérateur se déplace avec fluidité.\r\n', 4),
	(31, 'Aucun stockage sauvage n\'est présent dans la zone de travail.\r\n', 4),
	(32, 'Le milieu de travail est conforme au standard 5S', 4),
	(33, 'Les pièces sont disposées correctement au bon endroit dans l\'emballage\r\n', 5),
	(34, 'Les pièces nues ne sont pas en contact entre elles (surtout zone métallique avec zone aspect)\r\n', 5),
	(35, 'Un matériau de protection (résistant aux agressions) est présent dans les emballages et/ou les box.\r\n', 5),
	(36, 'Les pièces ne sont pas disposées en pile sur le sol (pièces en excédant)\r\n', 5),
	(37, 'La pièce ne touchent pas l\'emballage ou le meuble lors de la prise\r\n', 5),
	(38, 'Les pièces longues sont récupérées délicatement sans toucher les autres pièces\r\n', 5),
	(39, 'Plusieurs pièces (3 ou plus) ne sont pas approvisionnées dans les mains en 1 seule fois\r\n', 5),
	(40, 'Les pièces ne touchent pas le véhicule à cause d\'une méthode de prise ou manipulation non appropriée\r\n', 5),
	(41, 'Les pièces ne sont pas jetées dans le véhicule\r\n', 5),
	(42, 'Les pièces déposées par un opérateur précédent ne sont pas oubliées dans le véhicule', 5);

-- Dumping structure for table anti damage day.reponse
CREATE TABLE IF NOT EXISTS `reponse` (
  `Reponse` varchar(5) DEFAULT NULL,
  `Commentaire` varchar(1000) DEFAULT NULL,
  `id_Q` int NOT NULL,
  `id_A` varchar(30) NOT NULL,
  KEY `id_Q` (`id_Q`),
  KEY `id_A` (`id_A`),
  CONSTRAINT `reponse_ibfk_1` FOREIGN KEY (`id_Q`) REFERENCES `questions` (`id_Q`)
) ENGINE=InnoDB DEFAULT CHARSET=utf8mb4 COLLATE=utf8mb4_0900_ai_ci;


-- Dumping structure for table anti damage day.type
CREATE TABLE IF NOT EXISTS `type` (
  `id_T` int NOT NULL,
  `Libelle` varchar(30) NOT NULL,
  PRIMARY KEY (`id_T`)
) ENGINE=InnoDB DEFAULT CHARSET=utf8mb4 COLLATE=utf8mb4_0900_ai_ci;

-- Dumping data for table anti damage day.type: ~6 rows (approximately)
INSERT INTO `type` (`id_T`, `Libelle`) VALUES
	(1, 'Main D\'oeuvre'),
	(2, 'Moyen'),
	(3, 'Methode'),
	(4, 'Milieu'),
	(5, 'Matiere'),
	(6, 'Autre');

-- Dumping structure for table anti damage day.zone
CREATE TABLE IF NOT EXISTS `zone` (
  `id_Z` int NOT NULL AUTO_INCREMENT,
  `zone` varchar(20) NOT NULL,
  `id_Atelier` int NOT NULL,
  PRIMARY KEY (`id_Z`),
  KEY `id_Atelier` (`id_Atelier`),
  CONSTRAINT `zone_ibfk_1` FOREIGN KEY (`id_Atelier`) REFERENCES `atelier` (`id`)
) ENGINE=InnoDB AUTO_INCREMENT=36 DEFAULT CHARSET=utf8mb4 COLLATE=utf8mb4_0900_ai_ci;

-- Dumping data for table anti damage day.zone: ~20 rows (approximately)
INSERT INTO `zone` (`id_Z`, `zone`, `id_Atelier`) VALUES
	(1, 'EMB', 1),
	(2, 'OUV', 1),
	(3, 'MEF', 1),
	(4, 'CDC', 1),
	(5, 'ARM', 1),
	(7, 'MDA', 3),
	(15, ' HC1', 3),
	(16, ' HC2', 3),
	(17, ' MV1', 3),
	(18, ' MV2', 3),
	(19, ' MV3', 3),
	(20, ' MV4', 3),
	(21, ' PP', 3),
	(22, ' KIT MV/HC/PP', 3),
	(30, 'CABINE  ETANCHEITE', 2),
	(31, 'CABINE PREPARATION C', 2),
	(32, 'CABINE LAQUE', 2),
	(33, 'FINITION', 2),
	(34, 'MODULE 1 CVT', 4),
	(35, 'LINGE D ACSEPTATION', 4);

/*!40103 SET TIME_ZONE=IFNULL(@OLD_TIME_ZONE, 'system') */;
/*!40101 SET SQL_MODE=IFNULL(@OLD_SQL_MODE, '') */;
/*!40014 SET FOREIGN_KEY_CHECKS=IFNULL(@OLD_FOREIGN_KEY_CHECKS, 1) */;
/*!40101 SET CHARACTER_SET_CLIENT=@OLD_CHARACTER_SET_CLIENT */;
/*!40111 SET SQL_NOTES=IFNULL(@OLD_SQL_NOTES, 1) */;
